[
  {
    "id": 1,
    "title": "Genesis of the Storm",
    "text": "When the first marble shattered in the ancient arena, thunder was born. The fragments scattered across the realm, each carrying a spark of the primordial storm."
  },
  {
    "id": 2,
    "title": "The Seven Titans",
    "text": "Within the thunder lived seven original marbles, each representing a fundamental force: Fury, Grace, Wisdom, Chaos, Harmony, Destruction, and Creation."
  },
  {
    "id": 3,
    "title": "The Eternal Contest",
    "text": "The arena exists outside of time, where champions from all eras gather to prove their worth. Victory grants not just glory, but fragments of understanding."
  },
  {
    "id": 4,
    "title": "Storm's Blessing",
    "text": "Those who earn 500 XP receive the Storm's Blessing, allowing them to hear whispers of ancient battles and glimpse the patterns in the chaos."
  },
  {
    "id": 5,
    "title": "The Thunder Throne",
    "text": "At 1000 XP, a champion may approach the Thunder Throne, where the greatest warriors are immortalized in lightning. Only the Storm Titans have claimed this honor."
  }
]