[
  {
    "id": "lore-0001",
    "title": "The Black Marble Prophecy",
    "text": "When thunder met glass, one marble refused to fall. They say it still hangs in the storm, waiting for its player.",
    "tags": [
      "black-marble",
      "prophecy"
    ],
    "rarity": "rare",
    "unlockConditions": [
      {
        "type": "mintCountAtLeast",
        "value": 1
      }
    ]
  },
  {
    "id": "lore-0002",
    "title": "Origin of the Arena",
    "text": "The Arena of Thunder was not built. It condensed from static between worlds, drawn to conflict like lightning to a rod.",
    "tags": [
      "origin",
      "arena"
    ],
    "rarity": "uncommon",
    "unlockConditions": [
      {
        "type": "visitPage",
        "value": "arena-tree"
      }
    ]
  },
  {
    "id": "lore-0003",
    "title": "Whispers in the Marble Pit",
    "text": "Drop enough marbles into the pit and you\u2019ll hear it\u2014the storm counting, memorizing, judging who is worthy of a bracket.",
    "tags": [
      "marbles",
      "whispers"
    ],
    "rarity": "common",
    "unlockConditions": [
      {
        "type": "mintCountAtLeast",
        "value": 3
      }
    ]
  }
]